BenchmarkSnapshot112/small/Encode-4	3063	3713	25
BenchmarkSnapshot112/small/Encode-4	3053	3713	25
BenchmarkSnapshot112/small/Encode-4	3712	3713	25
BenchmarkSnapshot112/small/Encode-4	3783	3713	25
BenchmarkSnapshot112/small/Encode-4	3003	3713	25
BenchmarkSnapshot112/small/JSONOnlyDecode-4	4679	3296	31
BenchmarkSnapshot112/small/JSONOnlyDecode-4	4144	3296	31
BenchmarkSnapshot112/small/JSONOnlyDecode-4	5112	3296	31
BenchmarkSnapshot112/small/JSONOnlyDecode-4	4013	3296	31
BenchmarkSnapshot112/small/JSONOnlyDecode-4	6648	3296	31
BenchmarkSnapshot112/small/FullStaticAuthorityDecode-4	4644	4289	41
BenchmarkSnapshot112/small/FullStaticAuthorityDecode-4	4722	4289	41
BenchmarkSnapshot112/small/FullStaticAuthorityDecode-4	4936	4289	41
BenchmarkSnapshot112/small/FullStaticAuthorityDecode-4	4701	4289	41
BenchmarkSnapshot112/small/FullStaticAuthorityDecode-4	4448	4289	41
BenchmarkSnapshot112/small/InteractionEncode-4	271.8	704	2
BenchmarkSnapshot112/small/InteractionEncode-4	227.5	704	2
BenchmarkSnapshot112/small/InteractionEncode-4	265.8	704	2
BenchmarkSnapshot112/small/InteractionEncode-4	226.4	704	2
BenchmarkSnapshot112/small/InteractionEncode-4	267.6	704	2
BenchmarkSnapshot112/small/InteractionDecode-4	176.5	256	1
BenchmarkSnapshot112/small/InteractionDecode-4	299.4	256	1
BenchmarkSnapshot112/small/InteractionDecode-4	176.4	256	1
BenchmarkSnapshot112/small/InteractionDecode-4	175.9	256	1
BenchmarkSnapshot112/small/InteractionDecode-4	178.5	256	1
BenchmarkSnapshot112/medium/Encode-4	7129	11335	25
BenchmarkSnapshot112/medium/Encode-4	6899	11335	25
BenchmarkSnapshot112/medium/Encode-4	8260	11334	25
BenchmarkSnapshot112/medium/Encode-4	6839	11333	25
BenchmarkSnapshot112/medium/Encode-4	7841	11334	25
BenchmarkSnapshot112/medium/JSONOnlyDecode-4	10759	11216	46
BenchmarkSnapshot112/medium/JSONOnlyDecode-4	12149	11217	46
BenchmarkSnapshot112/medium/JSONOnlyDecode-4	10774	11216	46
BenchmarkSnapshot112/medium/JSONOnlyDecode-4	15459	11217	46
BenchmarkSnapshot112/medium/JSONOnlyDecode-4	27764	11217	46
BenchmarkSnapshot112/medium/FullStaticAuthorityDecode-4	14210	12594	60
BenchmarkSnapshot112/medium/FullStaticAuthorityDecode-4	17224	12595	60
BenchmarkSnapshot112/medium/FullStaticAuthorityDecode-4	12921	12595	60
BenchmarkSnapshot112/medium/FullStaticAuthorityDecode-4	12629	12595	60
BenchmarkSnapshot112/medium/FullStaticAuthorityDecode-4	12038	12594	60
BenchmarkSnapshot112/medium/InteractionEncode-4	3985	12288	2
BenchmarkSnapshot112/medium/InteractionEncode-4	3450	12288	2
BenchmarkSnapshot112/medium/InteractionEncode-4	3799	12288	2
BenchmarkSnapshot112/medium/InteractionEncode-4	3425	12288	2
BenchmarkSnapshot112/medium/InteractionEncode-4	4159	12288	2
BenchmarkSnapshot112/medium/InteractionDecode-4	2587	4096	1
BenchmarkSnapshot112/medium/InteractionDecode-4	4736	4096	1
BenchmarkSnapshot112/medium/InteractionDecode-4	2487	4096	1
BenchmarkSnapshot112/medium/InteractionDecode-4	2524	4096	1
BenchmarkSnapshot112/medium/InteractionDecode-4	2428	4096	1
BenchmarkSnapshot112/large/Encode-4	27309	56959	25
BenchmarkSnapshot112/large/Encode-4	26070	56978	25
BenchmarkSnapshot112/large/Encode-4	31015	56967	25
BenchmarkSnapshot112/large/Encode-4	25744	56972	25
BenchmarkSnapshot112/large/Encode-4	31389	56969	25
BenchmarkSnapshot112/large/JSONOnlyDecode-4	45051	56788	98
BenchmarkSnapshot112/large/JSONOnlyDecode-4	55659	56789	98
BenchmarkSnapshot112/large/JSONOnlyDecode-4	46033	56789	98
BenchmarkSnapshot112/large/JSONOnlyDecode-4	81435	56789	98
BenchmarkSnapshot112/large/JSONOnlyDecode-4	49998	56788	98
BenchmarkSnapshot112/large/FullStaticAuthorityDecode-4	50405	59708	116
BenchmarkSnapshot112/large/FullStaticAuthorityDecode-4	51294	59708	116
BenchmarkSnapshot112/large/FullStaticAuthorityDecode-4	50583	59708	116
BenchmarkSnapshot112/large/FullStaticAuthorityDecode-4	50271	59709	116
BenchmarkSnapshot112/large/FullStaticAuthorityDecode-4	50535	59707	116
BenchmarkSnapshot112/large/InteractionEncode-4	51869	180224	2
BenchmarkSnapshot112/large/InteractionEncode-4	41997	180224	2
BenchmarkSnapshot112/large/InteractionEncode-4	50872	180224	2
BenchmarkSnapshot112/large/InteractionEncode-4	43272	180224	2
BenchmarkSnapshot112/large/InteractionEncode-4	47811	180224	2
BenchmarkSnapshot112/large/InteractionDecode-4	36670	65536	1
BenchmarkSnapshot112/large/InteractionDecode-4	62681	65536	1
BenchmarkSnapshot112/large/InteractionDecode-4	38230	65536	1
BenchmarkSnapshot112/large/InteractionDecode-4	37370	65536	1
BenchmarkSnapshot112/large/InteractionDecode-4	37080	65536	1
BenchmarkSnapshot112Authority/ManagedMedium-4	100431	20206	256
BenchmarkSnapshot112Authority/ManagedMedium-4	76097	20192	256
BenchmarkSnapshot112Authority/ManagedMedium-4	147220	20204	256
BenchmarkSnapshot112Authority/ManagedMedium-4	111049	20198	256
BenchmarkSnapshot112Authority/ManagedMedium-4	84857	20194	256
BenchmarkSnapshot112Authority/EphemeralMedium-4	16375	14323	80
BenchmarkSnapshot112Authority/EphemeralMedium-4	14574	14324	80
BenchmarkSnapshot112Authority/EphemeralMedium-4	14868	14324	80
BenchmarkSnapshot112Authority/EphemeralMedium-4	15124	14324	80
BenchmarkSnapshot112Authority/EphemeralMedium-4	17092	14323	80
