run	logical_code_B	logical_pkce_B	logical_interaction_B	command_B	sqlite_delta_B	sidecar_delta_B	qlog_delta_B	object_retained_delta_B	uploaded_delta_B	alloc_B	issue_p50_ns	issue_p95_ns	issue_p99_ns	consume_p50_ns	consume_p95_ns	consume_p99_ns	archive_B	export_ns	extract_ns	restore_ns	open_ns
large-1	2625000	1315150	8738200	5344900	11399168	6938080	33702430	14568830	14608430	652387320	17044208	26091500	27175750	15335750	20655375	30919417	14170184	117781042	47140833	102545792	440916709
large-2	2625000	1315150	8738200	5344900	11448320	25782768	33702730	14569130	14608730	650878464	16743833	25988667	27233167	15462834	17866458	22564125	14170184	187789542	53641500	90362625	390296792
large-3	2625000	1315150	8738200	5344900	11296768	17143128	33702692	14569092	14608692	652850304	17067000	27105125	30392250	15801667	19743042	22013459	14170184	106738583	36235458	93633542	370878041
medium-1	476200	240750	546200	1028100	1425408	6653800	4515904	2060304	2099904	132027304	15531291	25260916	27922375	15213917	17323208	20283125					
medium-2	476200	240750	546200	1028100	1429504	3493760	4515794	2060194	2099794	131520264	15456667	25733458	27089958	14664250	18601917	21437334					
medium-3	476200	240750	546200	1028100	1495040	4952240	4515842	2060242	2099842	132012680	15207416	24189500	24895125	14621959	16867625	26143042					
small-1	92600	48950	34200	256100	221184	4124120	1519628	776428	816028	77376968	15068125	24870916	26026042	14816959	16960833	18417584	1576008	64678875	13291542	48934584	363639792
small-2	92600	48950	34200	256100	245760	2249520	1519384	776184	815784	77138848	14755000	24126667	26196459	14237125	17092583	20637417	1580104	42156500	4433917	34438041	327728958
small-3	92600	48950	34200	256100	286720	1347240	1519374	776174	815774	77159488	15658542	27236708	33546541	15662708	27018375	35254250	1580104	70379084	13811167	65075125	354061333
