case	sample	mode	iterations	ns_pair	B_pair	allocs_pair	process_user_s	process_system_s	max_rss_B
small-static	1	baseline	10000	9247	9145	71	0.15	0.04	47529984
small-static	1	candidate	10000	19125	13762	152	0.27	0.02	47841280
small-static	2	baseline	10000	8595	9143	71	0.13	0.01	47628288
small-static	2	candidate	10000	19537	13769	152	0.28	0.04	48037888
small-static	3	baseline	10000	9289	9144	71	0.15	0.02	47562752
small-static	3	candidate	10000	16144	13764	152	0.23	0.02	47513600
medium-static	1	baseline	10000	17146	26453	71	0.27	0.02	48644096
medium-static	1	candidate	10000	34086	35135	168	0.50	0.04	49577984
medium-static	2	baseline	10000	42749	26457	71	0.52	0.07	48365568
medium-static	2	candidate	10000	38984	35133	168	0.53	0.04	49086464
medium-static	3	baseline	10000	44693	26453	71	0.51	0.08	48283648
medium-static	3	candidate	10000	53117	35128	168	0.63	0.09	47857664
large-static	1	baseline	10000	59075	115841	71	0.91	0.06	49299456
large-static	1	candidate	10000	115750	158976	220	1.65	0.07	49397760
large-static	2	baseline	10000	58057	115777	71	0.91	0.06	49037312
large-static	2	candidate	10000	116499	158953	220	1.67	0.07	49233920
large-static	3	baseline	10000	57071	115803	71	0.89	0.05	49577984
large-static	3	candidate	10000	114586	158967	220	1.63	0.07	49397760
medium-managed	1	baseline	10000	20832	26900	81	0.32	0.03	47628288
medium-managed	1	candidate	10000	36003	35822	184	0.50	0.03	47726592
medium-managed	2	baseline	10000	37712	26915	81	0.48	0.05	48381952
medium-managed	2	candidate	10000	34855	35833	184	0.49	0.03	48398336
medium-managed	3	baseline	10000	20061	26918	81	0.32	0.03	48676864
medium-managed	3	candidate	10000	35762	35827	184	0.50	0.03	48103424
medium-ephemeral	1	baseline	10000	17495	26772	79	0.27	0.02	47972352
medium-ephemeral	1	candidate	10000	36173	35639	181	0.51	0.03	48234496
medium-ephemeral	2	baseline	10000	17159	26766	79	0.26	0.02	48119808
medium-ephemeral	2	candidate	10000	35723	35647	181	0.50	0.03	47529984
medium-ephemeral	3	baseline	10000	25652	26774	79	0.34	0.03	48463872
medium-ephemeral	3	candidate	10000	40988	35641	181	0.58	0.06	48463872
