mix	workers	calls	wall_s	user_s	system_s	peak_slots	peak_unheld_calls_proxy	logical_lower_peak_bytes	logical_upper_peak_bytes	baseline_heap_bytes	peak_heap_bytes	peak_heap_inuse_bytes	peak_heap_sys_bytes	end_heap_bytes	allocated_bytes	gc_cycles	process_max_rss_bytes	success	rejected
large	1	128	25.246664958	24.018618	0.5487200000000001	1	1	134217728	134217728	154616	268625208	269082624	406454272	134406752	17180221800	128	410025984	128	0
large	1	128	24.693181833	23.738753	0.47435	1	1	134217728	134217728	155144	268630584	269107200	406454272	134412704	17180227240	128	410910720	128	0
large	4	128	8.587392542	30.880025	0.750307	4	0	536870912	536870912	156056	1073925960	1074610176	1077542912	537048872	17180207096	32	1082376192	128	0
large	4	128	8.480312375	30.655334999999997	0.661212	4	0	536870912	536870912	154664	1073922392	1074626560	1077542912	537046152	17180205368	33	1082294272	128	0
large	8	128	2.765410458	10.644644	0.218142	4	4	536870912	536870912	154344	1073929552	1074618368	1211760640	537050664	6442623304	13	1217265664	48	80
large	8	128	2.938441917	11.236415	0.221032	4	4	536870912	536870912	154616	1073928944	1074683904	1211727872	939709816	6845281024	13	1217478656	51	77
mixed	1	128	14.201477	13.546719999999999	0.298467	1	0	134217728	134217728	155368	288549248	289005568	297435136	134406544	9865354632	65	296517632	128	0
mixed	1	128	14.095806625	13.495531	0.279584	1	0	134217728	134217728	154728	288548720	289046528	297435136	134405424	9865354152	65	296632320	128	0
mixed	4	128	4.5826614580000005	16.442591	0.556198	4	0	536870912	536870912	154776	1153621592	1154236416	1236926464	537042568	9865335992	18	1163100160	128	0
mixed	4	128	4.717824333	16.760278	0.530891	4	0	536870912	536870912	155048	1153621544	1154236416	1165590528	537042824	9865336120	17	1162526720	128	0
mixed	8	128	3.045690375	11.118402999999999	0.317046	4	4	536870912	536870912	154936	1153629152	1154220032	1366949888	1019411408	6722681968	13	1257734144	85	43
mixed	8	128	2.987199459	10.964825	0.23186099999999998	4	4	536870912	536870912	155592	1153629472	1154195456	1165590528	825416232	6568537680	14	1163657216	83	45
small	1	128	3.045210084	3.045683	0.048570999999999996	1	0	19922944	19922944	155256	40044816	40591360	45744128	20122920	2550500240	128	48136192	128	0
small	1	128	3.195457958	3.119113	0.062377999999999996	1	0	19922944	19922944	159824	40050312	40501248	45744128	20128528	2550501280	128	47972352	128	0
small	4	128	0.976176958	3.748321	0.060738	4	0	79691776	79691776	155368	159561464	160243712	171540480	79863976	2550469176	33	168132608	128	0
small	4	128	1.7972237500000001	5.695196999999999	0.21258899999999997	4	1	79691776	79691776	155304	159562792	160202752	175734784	119715560	2550470488	32	168148992	128	0
small	8	128	0.987070916	3.77193	0.056575	4	4	79691776	79691776	155256	159570560	160268288	171540480	79870440	2550507624	33	168378368	128	0
small	8	128	0.968491208	3.709743	0.05979	4	4	79691776	79691776	154824	159570440	160169984	171573248	119722496	2550508984	39	167870464	128	0
