process	slots	budget_MiB	mix	rate	success	rejected	dropped	wall_s	cpu_s	peak_reserved_MiB	peak_computing_MiB	peak_slots	peak_computing	peak_slot_waiters	peak_memory_waiters	heap_MiB	RSS_MiB	generator_lag_ms	cost_KiB	success_n	success_p95_ms	success_p99_ms	queue_p95_ms	service_p95_ms	service_p99_ms
1-0-large-closed-1.log	1	0	large	0	19	237	0	3.8	3.7	128	128	1	1	8	1	256.3	392.3	0	19456	0	NA	NA	NA	NA	NA
1-0-large-closed-1.log	1	0	large	0	19	237	0	3.8	3.7	128	128	1	1	8	1	256.3	392.3	0	131072	19	395.6	395.6	98.7	316.9	316.9
1-0-large-closed-2.log	1	0	large	0	16	240	0	3.8	3.5	128	128	1	1	8	1	128.3	264.6	0	19456	0	NA	NA	NA	NA	NA
1-0-large-closed-2.log	1	0	large	0	16	240	0	3.8	3.5	128	128	1	1	8	1	128.3	264.6	0	131072	16	532.9	532.9	98.5	490.6	490.6
1-0-mixed-closed-1.log	1	0	mixed	0	27	229	0	4	3.9	128	128	1	1	8	1	275.2	411.6	0	19456	8	128.8	128.8	91.2	71.8	71.8
1-0-mixed-closed-1.log	1	0	mixed	0	27	229	0	4	3.9	128	128	1	1	8	1	275.2	411.6	0	131072	19	449.4	449.4	97	352.9	352.9
1-0-mixed-closed-2.log	1	0	mixed	0	30	226	0	3.7	3.7	128	128	1	1	8	1	370.2	411	0	19456	13	128	128	100	30	30
1-0-mixed-closed-2.log	1	0	mixed	0	30	226	0	3.7	3.7	128	128	1	1	8	1	370.2	411	0	131072	17	296.9	296.9	99	218.1	218.1
1-0-mixed-paced-1.log	1	0	mixed	20	104	152	0	13	12.8	128	128	1	1	3	1	294.3	410.5	1.3	19456	43	127	161.1	99.6	64.4	69.6
1-0-mixed-paced-1.log	1	0	mixed	20	104	152	0	13	12.8	128	128	1	1	3	1	294.3	410.5	1.3	131072	61	340.5	405.1	77.2	275	389
1-0-mixed-paced-2.log	1	0	mixed	20	79	176	1	13	12.5	128	128	1	1	3	1	294.2	411	4	19456	22	165.4	172.7	99.6	70.8	73.7
1-0-mixed-paced-2.log	1	0	mixed	20	79	176	1	13	12.5	128	128	1	1	3	1	294.2	411	4	131072	57	423.2	592	96.1	325.3	506.4
1-0-small-closed-1.log	1	0	small	0	149	107	0	3.6	3.6	19	19	1	1	8	1	38.3	65.2	0	19456	149	122.9	125.1	98.8	25.6	32.5
1-0-small-closed-1.log	1	0	small	0	149	107	0	3.6	3.6	19	19	1	1	8	1	38.3	65.2	0	131072	0	NA	NA	NA	NA	NA
1-0-small-closed-2.log	1	0	small	0	123	133	0	3.4	3.3	19	19	1	1	8	1	38.3	65.2	0	19456	123	122.3	168.2	92	28.8	70.5
1-0-small-closed-2.log	1	0	small	0	123	133	0	3.4	3.3	19	19	1	1	8	1	38.3	65.2	0	131072	0	NA	NA	NA	NA	NA
2-0-large-closed-1.log	2	0	large	0	41	215	0	4.3	8.4	256	256	2	2	7	1	512.2	520.9	0	19456	0	NA	NA	NA	NA	NA
2-0-large-closed-1.log	2	0	large	0	41	215	0	4.3	8.4	256	256	2	2	7	1	512.2	520.9	0	131072	41	305.7	333.2	99.7	225.3	233.6
2-0-large-closed-2.log	2	0	large	0	36	220	0	4.2	8.1	256	256	2	2	7	1	512.2	520.9	0	19456	0	NA	NA	NA	NA	NA
2-0-large-closed-2.log	2	0	large	0	36	220	0	4.2	8.1	256	256	2	2	7	1	512.2	520.9	0	131072	36	440.5	450.5	98.9	361.2	373.8
2-0-mixed-closed-1.log	2	0	mixed	0	58	198	0	4.5	8.5	256	256	2	2	7	1	569.3	667.7	0	19456	20	125.8	128.5	98.7	32.7	41.4
2-0-mixed-closed-1.log	2	0	mixed	0	58	198	0	4.5	8.5	256	256	2	2	7	1	569.3	667.7	0	131072	38	441.7	475.4	99.2	345.3	380.6
2-0-mixed-closed-2.log	2	0	mixed	0	57	199	0	4.3	7.6	256	256	2	2	7	1	569.3	686	0	19456	29	177.8	188.4	97.5	80.3	96.5
2-0-mixed-closed-2.log	2	0	mixed	0	57	199	0	4.3	7.6	256	256	2	2	7	1	569.3	686	0	131072	28	573.2	615.3	97.3	494.4	536
2-0-mixed-paced-1.log	2	0	mixed	20	136	119	1	13.1	24.6	256	256	2	2	3	1	531.3	686.5	26	19456	22	127.9	154.4	100.2	73.2	84.8
2-0-mixed-paced-1.log	2	0	mixed	20	136	119	1	13.1	24.6	256	256	2	2	3	1	531.3	686.5	26	131072	114	491.4	568.5	81	429.5	491.2
2-0-mixed-paced-2.log	2	0	mixed	20	141	115	0	13	23.5	256	256	2	2	3	1	588.2	666.8	5.4	19456	49	157.3	168.3	97.4	77	79.2
2-0-mixed-paced-2.log	2	0	mixed	20	141	115	0	13	23.5	256	256	2	2	3	1	588.2	666.8	5.4	131072	92	557.2	678.8	97.7	499.2	584.3
2-0-small-closed-1.log	2	0	small	0	209	47	0	3.6	6.3	38	38	2	2	7	1	76.3	84	0	19456	209	160	191.1	95.6	72.3	94.1
2-0-small-closed-1.log	2	0	small	0	209	47	0	3.6	6.3	38	38	2	2	7	1	76.3	84	0	131072	0	NA	NA	NA	NA	NA
2-0-small-closed-2.log	2	0	small	0	81	175	0	4.3	4.5	38	38	2	2	7	1	76.3	84.3	0	19456	81	299.3	370	100	224.3	277.5
2-0-small-closed-2.log	2	0	small	0	81	175	0	4.3	4.5	38	38	2	2	7	1	76.3	84.3	0	131072	0	NA	NA	NA	NA	NA
4-0-large-closed-1.log	4	0	large	0	96	160	0	6.1	23	512	512	4	4	5	1	1152.3	1160.9	0	19456	0	NA	NA	NA	NA	NA
4-0-large-closed-1.log	4	0	large	0	96	160	0	6.1	23	512	512	4	4	5	1	1152.3	1160.9	0	131072	96	497.6	586.6	111.7	415.5	485.9
4-0-large-closed-2.log	4	0	large	0	88	168	0	6	22.1	512	512	4	4	5	1	1152.2	1161.2	0	19456	0	NA	NA	NA	NA	NA
4-0-large-closed-2.log	4	0	large	0	88	168	0	6	22.1	512	512	4	4	5	1	1152.2	1161.2	0	131072	88	387.3	600.7	109.5	355.7	509.1
4-0-mixed-closed-1.log	4	0	mixed	0	154	102	0	6	22.4	512	512	4	4	5	1	1100.3	1255.8	0	19456	72	148.1	176.8	100	74.9	81.1
4-0-mixed-closed-1.log	4	0	mixed	0	154	102	0	6	22.4	512	512	4	4	5	1	1100.3	1255.8	0	131072	82	473.5	573.9	106.3	394.1	567
4-0-mixed-closed-2.log	4	0	mixed	0	143	113	0	6.1	21.8	512	512	4	4	5	1	1100.3	1308	0	19456	66	174.8	199.4	105	85	102.6
4-0-mixed-closed-2.log	4	0	mixed	0	143	113	0	6.1	21.8	512	512	4	4	5	1	1100.3	1308	0	131072	77	562	630.1	104.4	462.2	543.4
4-0-mixed-paced-1.log	4	0	mixed	20	245	10	1	12.9	32.5	512	512	4	4	3	1	1100.3	1109.5	47.1	19456	121	104.2	168	45.6	74.9	83.2
4-0-mixed-paced-1.log	4	0	mixed	20	245	10	1	12.9	32.5	512	512	4	4	3	1	1100.3	1109.5	47.1	131072	124	553.6	586.3	72.6	491.1	555
4-0-mixed-paced-2.log	4	0	mixed	20	241	14	1	13	33.8	512	512	4	4	3	1	1100.2	1217.3	38.9	19456	119	149.3	171	65.9	83.8	89.9
4-0-mixed-paced-2.log	4	0	mixed	20	241	14	1	13	33.8	512	512	4	4	3	1	1100.2	1217.3	38.9	131072	122	603.6	760.8	72.3	602.7	667.4
4-0-small-closed-1.log	4	0	small	0	256	0	0	2.2	8.1	76	76	4	4	5	2	152.3	179.3	0	19456	256	119.6	157	60.5	60.4	78.9
4-0-small-closed-1.log	4	0	small	0	256	0	0	2.2	8.1	76	76	4	4	5	2	152.3	179.3	0	131072	0	NA	NA	NA	NA	NA
4-0-small-closed-2.log	4	0	small	0	256	0	0	2.6	8.9	76	76	4	4	5	1	152.3	179.1	0	19456	256	155.3	166.2	78.5	78.6	85.6
4-0-small-closed-2.log	4	0	small	0	256	0	0	2.6	8.9	76	76	4	4	5	1	152.3	179.1	0	131072	0	NA	NA	NA	NA	NA
4-128-large-closed-1.log	4	128	large	0	18	238	0	3.7	3.5	128	128	4	1	7	4	256.3	392.3	0	19456	0	NA	NA	NA	NA	NA
4-128-large-closed-1.log	4	128	large	0	18	238	0	3.7	3.5	128	128	4	1	7	4	256.3	392.3	0	131072	18	413.1	413.1	95.5	340	340
4-128-large-closed-2.log	4	128	large	0	18	238	0	3.8	3.7	128	128	4	1	6	5	256.3	264.5	0	19456	0	NA	NA	NA	NA	NA
4-128-large-closed-2.log	4	128	large	0	18	238	0	3.8	3.7	128	128	4	1	6	5	256.3	264.5	0	131072	18	416.7	416.7	99.4	386.1	386.1
4-128-mixed-closed-1.log	4	128	mixed	0	25	231	0	3.8	3.2	128	128	4	3	7	5	256.3	411.2	0	19456	11	186.2	186.2	94.2	95.5	95.5
4-128-mixed-closed-1.log	4	128	mixed	0	25	231	0	3.8	3.2	128	128	4	3	7	5	256.3	411.2	0	131072	14	656.3	656.3	97.4	558.8	558.8
4-128-mixed-closed-2.log	4	128	mixed	0	26	230	0	3.8	3.5	128	128	4	3	7	4	294.3	410.5	0	19456	14	173.7	173.7	100.6	80.9	80.9
4-128-mixed-closed-2.log	4	128	mixed	0	26	230	0	3.8	3.5	128	128	4	3	7	4	294.3	410.5	0	131072	12	698.7	698.7	99.9	627.8	627.8
4-128-mixed-paced-1.log	4	128	mixed	20	97	159	0	13	12.5	128	128	4	1	1	3	275.3	283	3.5	19456	38	125.6	127.7	99.8	29.5	38.1
4-128-mixed-paced-1.log	4	128	mixed	20	97	159	0	13	12.5	128	128	4	1	1	3	275.3	283	3.5	131072	59	412.7	563	89.9	353.3	472
4-128-mixed-paced-2.log	4	128	mixed	20	66	189	1	13	12.5	128	128	4	1	1	3	275.3	410.3	2.2	19456	8	127	127	99.9	39.4	39.4
4-128-mixed-paced-2.log	4	128	mixed	20	66	189	1	13	12.5	128	128	4	1	1	3	275.3	410.3	2.2	131072	58	423.1	578.8	93.7	361.6	498.9
4-128-small-closed-1.log	4	128	small	0	255	1	0	2	7.7	76	76	4	4	5	1	152.3	179.6	0	19456	255	86	146.2	39.1	39.1	100
4-128-small-closed-1.log	4	128	small	0	255	1	0	2	7.7	76	76	4	4	5	1	152.3	179.6	0	131072	0	NA	NA	NA	NA	NA
4-128-small-closed-2.log	4	128	small	0	256	0	0	2.4	8.5	76	76	4	4	5	1	152.3	179.3	0	19456	256	130.4	186.3	74	67.4	95.3
4-128-small-closed-2.log	4	128	small	0	256	0	0	2.4	8.5	76	76	4	4	5	1	152.3	179.3	0	131072	0	NA	NA	NA	NA	NA
4-192-large-closed-1.log	4	192	large	0	19	237	0	3.8	3.8	128	128	4	1	7	4	256.3	391.4	0	19456	0	NA	NA	NA	NA	NA
4-192-large-closed-1.log	4	192	large	0	19	237	0	3.8	3.8	128	128	4	1	7	4	256.3	391.4	0	131072	19	326.3	326.3	99.9	237.4	237.4
4-192-large-closed-2.log	4	192	large	0	19	237	0	3.8	3.8	128	128	4	1	7	4	256.3	392.1	0	19456	0	NA	NA	NA	NA	NA
4-192-large-closed-2.log	4	192	large	0	19	237	0	3.8	3.8	128	128	4	1	7	4	256.3	392.1	0	131072	19	305	305	99.9	237.6	237.6
4-192-mixed-closed-1.log	4	192	mixed	0	124	132	0	4	7.3	185	185	4	4	6	4	427.2	543.5	0	19456	107	184.2	209.4	99.8	95.6	131.4
4-192-mixed-closed-1.log	4	192	mixed	0	124	132	0	4	7.3	185	185	4	4	6	4	427.2	543.5	0	131072	17	526.9	526.9	98.4	452.3	452.3
4-192-mixed-closed-2.log	4	192	mixed	0	136	120	0	4.1	7.8	185	185	4	4	5	3	427.3	506.8	0	19456	119	202.3	213.7	99.4	110	123
4-192-mixed-closed-2.log	4	192	mixed	0	136	120	0	4.1	7.8	185	185	4	4	5	3	427.3	506.8	0	131072	17	594.1	594.1	99.1	502.3	502.3
4-192-mixed-paced-1.log	4	192	mixed	20	142	112	2	13	12.2	185	185	4	4	4	3	446.3	491.5	257.5	19456	119	402.3	546.2	84.3	360.1	526.6
4-192-mixed-paced-1.log	4	192	mixed	20	142	112	2	13	12.2	185	185	4	4	4	3	446.3	491.5	257.5	131072	23	1405.2	1848.5	92.9	1323.1	1749.6
4-192-mixed-paced-2.log	4	192	mixed	20	182	73	1	12.9	16.3	166	166	4	3	1	3	389.2	449.1	8.3	19456	127	129.7	135.7	50.9	79.1	85
4-192-mixed-paced-2.log	4	192	mixed	20	182	73	1	12.9	16.3	166	166	4	3	1	3	389.2	449.1	8.3	131072	55	487.1	558	87.3	411.6	544.6
4-192-small-closed-1.log	4	192	small	0	250	6	0	2.8	8.7	76	76	4	4	5	1	152.3	179.1	0	19456	250	174.5	207.2	83.2	91.8	120.9
4-192-small-closed-1.log	4	192	small	0	250	6	0	2.8	8.7	76	76	4	4	5	1	152.3	179.1	0	131072	0	NA	NA	NA	NA	NA
4-192-small-closed-2.log	4	192	small	0	254	2	0	2.7	9.1	76	76	4	4	6	1	190.2	198.5	0	19456	254	163.6	198.3	80.3	81.9	115.9
4-192-small-closed-2.log	4	192	small	0	254	2	0	2.7	9.1	76	76	4	4	6	1	190.2	198.5	0	131072	0	NA	NA	NA	NA	NA
4-256-large-closed-1.log	4	256	large	0	32	224	0	4.3	7.7	256	256	4	2	6	3	512.3	520.8	0	19456	0	NA	NA	NA	NA	NA
4-256-large-closed-1.log	4	256	large	0	32	224	0	4.3	7.7	256	256	4	2	6	3	512.3	520.8	0	131072	32	521.1	529.4	96.6	470	474.4
4-256-large-closed-2.log	4	256	large	0	36	220	0	4.1	7.9	256	256	4	2	5	3	512.2	520.5	0	19456	0	NA	NA	NA	NA	NA
4-256-large-closed-2.log	4	256	large	0	36	220	0	4.1	7.9	256	256	4	2	5	3	512.2	520.5	0	131072	36	456.3	459.9	99.1	402.4	413.8
4-256-mixed-closed-1.log	4	256	mixed	0	72	184	0	4.5	8.1	256	256	4	4	6	3	550.3	705	0	19456	48	208.1	210.4	96.8	118.7	138.8
4-256-mixed-closed-1.log	4	256	mixed	0	72	184	0	4.5	8.1	256	256	4	4	6	3	550.3	705	0	131072	24	774.4	783	99.4	689.5	693.3
4-256-mixed-closed-2.log	4	256	mixed	0	59	197	0	4.4	7.9	256	256	4	4	6	3	588.2	667.5	0	19456	32	192.3	202.8	95.9	108	114.6
4-256-mixed-closed-2.log	4	256	mixed	0	59	197	0	4.4	7.9	256	256	4	4	6	3	588.2	667.5	0	131072	27	625.7	694.1	98.7	604.3	620.1
4-256-mixed-paced-1.log	4	256	mixed	20	146	109	1	13	24.2	256	256	4	3	1	3	550.3	666.8	3	19456	43	129.5	175.1	94.3	34.3	80.8
4-256-mixed-paced-1.log	4	256	mixed	20	146	109	1	13	24.2	256	256	4	3	1	3	550.3	666.8	3	131072	103	411.6	570	96.4	399.5	491.5
4-256-mixed-paced-2.log	4	256	mixed	20	145	110	1	12.9	24.1	256	256	4	3	1	3	550.2	686.9	1.9	19456	43	141.9	159.3	93.7	65.5	82.4
4-256-mixed-paced-2.log	4	256	mixed	20	145	110	1	12.9	24.1	256	256	4	3	1	3	550.2	686.9	1.9	131072	102	479.1	609.1	95.6	392.9	520.2
4-256-small-closed-1.log	4	256	small	0	252	4	0	2.7	9.2	76	76	4	4	5	1	152.3	179.1	0	19456	252	151.2	199	52.7	65.3	115
4-256-small-closed-1.log	4	256	small	0	252	4	0	2.7	9.2	76	76	4	4	5	1	152.3	179.1	0	131072	0	NA	NA	NA	NA	NA
4-256-small-closed-2.log	4	256	small	0	256	0	0	2.3	8.4	76	76	4	4	5	1	152.3	160.5	0	19456	256	134.1	171.8	60.4	61.5	87.9
4-256-small-closed-2.log	4	256	small	0	256	0	0	2.3	8.4	76	76	4	4	5	1	152.3	160.5	0	131072	0	NA	NA	NA	NA	NA
