process	n	queries_per_call	executes_per_call	p50_ms	p95_ms	p99_ms	whole_process_ReadIndex	whole_process_applyDecisions	whole_process_statement_ExecContext	whole_process_network_Execute
0-due-1.log	40	1	2	24.667417	34.109458	38.179542	155	387	647	232
0-due-2.log	40	1	2	26.246875	38.860125	40.475583	155	387	647	232
0-fresh-1.log	40	1	1	11.958167	15.148375	21.128917	155	347	607	192
0-fresh-2.log	40	1	1	10.136958	14.79425	23.673041	155	347	607	192
0-loser-1.log	40	2	2	20.45625	29.239084	38.433083	195	467	687	272
0-loser-2.log	40	2	2	22.550084	32.38475	56.872333	195	467	687	272
0-replay-1.log	40	1	2	12.101958	15.014833	22.107667	155	387	647	272
0-replay-2.log	40	1	2	12.25775	14.504375	15.255084	155	387	647	272
1-due-1.log	40	2	2	23.904958	35.593542	40.276583	195	427	647	232
1-due-2.log	40	2	2	23.822	37.894125	46.255625	195	427	647	232
1-fresh-1.log	40	2	1	10.677625	14.542	20.462625	195	387	607	192
1-fresh-2.log	40	2	1	11.860791	16.369666	22.891625	195	387	607	192
1-loser-1.log	40	3	2	23.28925	34.217959	35.369417	235	507	687	272
1-loser-2.log	40	3	2	25.43075	38.21	45.779875	235	507	687	272
1-replay-1.log	40	2	2	11.763542	24.07325	26.810458	195	427	647	272
1-replay-2.log	40	2	2	10.686668	13.45725	21.061916	195	427	647	272
0-rejected-1.log	40	1	1	24.560666	48.001208	57.035125	195	467	727	272
0-rejected-2.log	40	1	1	33.778249	62.611333	90.142875	195	467	727	272
1-rejected-1.log	40	2	1	18.950917	42.18975	54.280666	235	507	727	272
1-rejected-2.log	40	2	1	41.718209	72.834333	96.141167	235	507	727	272
