case,phase,wall_ns,user_us,system_us,allocated_bytes,mallocs,qlog_length_delta,sqlite_length_delta,sqlite_wal_length_delta,object_inventory_length_delta,upload_calls_delta,upload_read_bytes_delta,object_failures_delta
1-client_credentials-empty,first,33525500,3310,4292,436128,1684,8036,0,49440,4232,4,4496,0
1-client_credentials-empty,post_validation_followup,42470250,3512,4473,436672,1775,9031,0,49440,4925,4,5189,0
1-client_credentials-expired,first,50258916,8364,11830,465432,1660,8042,0,597400,4238,4,4502,0
1-client_credentials-expired,post_validation_followup,33712042,3783,5152,460368,1641,8040,0,49440,4236,4,4500,0
1-client_credentials-live,first,36284458,4519,3594,477184,1691,8032,0,0,4228,4,4492,0
1-client_credentials-live,post_validation_followup,34023542,5521,4166,476408,1685,8036,0,0,4232,4,4496,0
1-code-empty,first,21498709,1754,2756,251976,1037,6410,0,0,3142,2,3274,0
1-code-empty,post_validation_followup,17455333,1993,2068,262408,1057,6396,0,0,3128,2,3260,0
1-code-expired,first,34852917,5422,6683,268720,1037,6402,0,0,3134,2,3266,0
1-code-expired,post_validation_followup,19060875,1811,1683,271560,1031,6398,0,0,3130,2,3262,0
1-code-live,first,14838417,1396,2125,271912,1043,6402,0,57680,3134,2,3266,0
1-code-live,post_validation_followup,14880291,1079,1681,274776,1053,6400,0,49440,3132,2,3264,0
1-interaction-empty,first,16739417,904,2265,189120,791,3472,0,32960,1880,2,2012,0
1-interaction-empty,post_validation_followup,15325125,811,2352,191664,791,3482,0,32960,1890,2,2022,0
1-interaction-expired,first,19846792,3501,3416,203888,783,3480,0,0,1888,2,2020,0
1-interaction-expired,post_validation_followup,14624833,1139,1850,211320,781,3480,0,0,1888,2,2020,0
1-interaction-live,first,14503417,1176,1565,203864,774,3466,0,0,1874,2,2006,0
1-interaction-live,post_validation_followup,17639209,1393,2357,208728,777,3490,0,0,1898,2,2030,0
1-redemption-empty,first,23594125,4911,3060,721448,3469,23001,0,70040,10253,2,10385,0
1-redemption-empty,post_validation_followup,45240875,4976,3166,674024,3587,24004,0,70040,10954,2,11086,0
1-redemption-expired,first,52560666,15166,12171,747328,3489,22991,0,0,10243,2,10375,0
1-redemption-expired,post_validation_followup,17587541,4006,2912,681904,3457,22985,0,0,10237,2,10369,0
1-redemption-live,first,17940125,6534,1962,767288,3536,22999,0,0,10251,2,10383,0
1-redemption-live,post_validation_followup,18430708,4289,2063,715096,3455,23005,0,0,10257,2,10389,0
1-session-empty,first,15651792,931,1879,198560,950,4255,0,0,2215,2,2347,0
1-session-empty,post_validation_followup,19455709,835,1859,198264,943,4265,0,0,2225,2,2357,0
1-session-expired,first,36472042,10103,6775,222120,971,4275,0,412000,2235,2,2367,0
1-session-expired,post_validation_followup,16737625,1720,2172,221360,952,4267,0,45320,2227,2,2359,0
1-session-live,first,18514125,1184,2043,216368,951,4261,0,0,2221,2,2353,0
1-session-live,post_validation_followup,15354542,2490,1995,230496,985,4269,0,0,2229,2,2361,0
2-client_credentials-empty,first,34148916,2636,3227,417888,1650,8028,0,49440,4224,4,4488,0
2-client_credentials-empty,post_validation_followup,80243375,4613,6117,432272,1774,9029,0,49440,4923,4,5187,0
2-client_credentials-expired,first,56242042,11855,15032,464040,1674,8036,0,597400,4232,4,4496,0
2-client_credentials-expired,post_validation_followup,37906417,3933,6878,456976,1646,8048,0,49440,4244,4,4508,0
2-client_credentials-live,first,38598459,5989,5215,457552,1645,8026,0,0,4222,4,4486,0
2-client_credentials-live,post_validation_followup,30490125,4188,3114,456928,1646,8044,0,0,4240,4,4504,0
2-code-empty,first,15538833,1896,2357,246440,1025,6410,0,0,3142,2,3274,0
2-code-empty,post_validation_followup,18212167,2172,2157,246632,1032,6416,0,0,3148,2,3280,0
2-code-expired,first,47970375,8218,20745,276880,1059,6404,0,922880,3136,2,3268,0
2-code-expired,post_validation_followup,18350709,1862,2822,278280,1040,6404,0,37080,3136,2,3268,0
2-code-live,first,19435834,2004,2367,269480,1038,6394,0,0,3126,2,3258,0
2-code-live,post_validation_followup,15015833,1563,1967,268824,1036,6402,0,0,3134,2,3266,0
2-interaction-empty,first,13576125,878,1949,181248,774,3480,0,32960,1888,2,2020,0
2-interaction-empty,post_validation_followup,19485917,836,2164,186104,777,3472,0,32960,1880,2,2012,0
2-interaction-expired,first,20727041,3801,3924,208128,784,3476,0,0,1884,2,2016,0
2-interaction-expired,post_validation_followup,14518083,2438,1506,208752,778,3478,0,0,1886,2,2018,0
2-interaction-live,first,16464125,1472,2066,207768,775,3472,0,0,1880,2,2012,0
2-interaction-live,post_validation_followup,17280042,2012,2404,211232,797,3486,0,0,1894,2,2026,0
2-redemption-empty,first,19170542,4023,2201,697352,3478,22991,0,0,10243,2,10375,0
2-redemption-empty,post_validation_followup,28770542,4106,2659,708064,3577,24008,0,0,10958,2,11090,0
2-redemption-expired,first,64203583,13598,33168,748640,3509,23001,0,1058840,10253,2,10385,0
2-redemption-expired,post_validation_followup,32235208,3317,2202,719464,3476,22989,0,0,10241,2,10373,0
2-redemption-live,first,28732834,8120,5771,729816,3456,22999,0,78280,10251,2,10383,0
2-redemption-live,post_validation_followup,26062584,6685,4109,695168,3482,22987,0,0,10239,2,10371,0
2-session-empty,first,16169125,870,1912,199168,956,4269,0,20600,2229,2,2361,0
2-session-empty,post_validation_followup,17629000,945,2082,198864,953,4265,0,45320,2225,2,2357,0
2-session-expired,first,24805375,6619,5786,216744,961,4259,0,412000,2219,2,2351,0
2-session-expired,post_validation_followup,14521209,1766,1861,220960,952,4259,0,45320,2219,2,2351,0
2-session-live,first,16339667,1113,1699,222912,964,4263,0,45320,2223,2,2355,0
2-session-live,post_validation_followup,13771750,1080,1718,227128,965,4259,0,65920,2219,2,2351,0
3-client_credentials-empty,first,33262583,3085,3251,412160,1642,8036,0,49440,4232,4,4496,0
3-client_credentials-empty,post_validation_followup,41971167,2741,3171,433776,1773,9025,0,49440,4919,4,5183,0
3-client_credentials-expired,first,36140333,6525,6290,467032,1672,8026,0,0,4222,4,4486,0
3-client_credentials-expired,post_validation_followup,32346083,2560,2813,472048,1673,8052,0,0,4248,4,4512,0
3-client_credentials-live,first,35901167,4861,3287,466128,1688,8036,0,49440,4232,4,4496,0
3-client_credentials-live,post_validation_followup,35916250,9117,6437,475368,1701,8034,0,49440,4230,4,4494,0
3-code-empty,first,17931125,1048,2149,249512,1033,6406,0,37080,3138,2,3270,0
3-code-empty,post_validation_followup,14454583,962,1899,247224,1039,6414,0,37080,3146,2,3278,0
3-code-expired,first,37408208,7377,11125,268720,1037,6408,0,0,3140,2,3272,0
3-code-expired,post_validation_followup,16796750,1741,1813,272264,1032,6410,0,0,3142,2,3274,0
3-code-live,first,18535667,1916,2202,269576,1040,6414,0,0,3146,2,3278,0
3-code-live,post_validation_followup,22889250,1587,1846,267816,1026,6416,0,0,3148,2,3280,0
3-interaction-empty,first,17632667,1977,2788,186504,777,3470,0,32960,1878,2,2010,0
3-interaction-empty,post_validation_followup,18987666,1039,2364,181024,772,3484,0,32960,1892,2,2024,0
3-interaction-expired,first,18417583,3209,3333,208352,786,3470,0,284280,1878,2,2010,0
3-interaction-expired,post_validation_followup,15115417,605,1534,210632,787,3478,0,32960,1886,2,2018,0
3-interaction-live,first,14917708,1311,2070,209648,789,3480,0,0,1888,2,2020,0
3-interaction-live,post_validation_followup,14199750,693,1482,207688,774,3468,0,0,1876,2,2008,0
3-redemption-empty,first,24096583,4402,3686,728408,3466,22993,0,70040,10245,2,10377,0
3-redemption-empty,post_validation_followup,31136041,4546,4754,709424,3576,24006,0,70040,10956,2,11088,0
3-redemption-expired,first,34637875,10671,11378,758928,3517,23009,0,1058840,10261,2,10393,0
3-redemption-expired,post_validation_followup,18344667,3388,2072,720368,3478,23001,0,78280,10253,2,10385,0
3-redemption-live,first,23069459,4774,2092,746728,3459,23003,0,0,10255,2,10387,0
3-redemption-live,post_validation_followup,26770667,4192,1635,676784,3449,22997,0,0,10249,2,10381,0
3-session-empty,first,15525917,1137,1995,198912,956,4253,0,45320,2213,2,2345,0
3-session-empty,post_validation_followup,14189125,1514,1857,204984,973,4267,0,45320,2227,2,2359,0
3-session-expired,first,27971000,9316,5209,221720,963,4265,0,0,2225,2,2357,0
3-session-expired,post_validation_followup,18041042,3018,1893,224888,974,4253,0,0,2213,2,2345,0
3-session-live,first,19161750,1770,2774,229280,977,4257,0,45320,2217,2,2349,0
3-session-live,post_validation_followup,21089584,2129,2172,225776,980,4265,0,53560,2225,2,2357,0
